{
  "variants": {
    "facing=east,half=bottom,open=false,powered=true": {
      "model": "minecraft:block/warped_trapdoor_bottom_pow",
      "y": 90
    },
    "facing=east,half=bottom,open=true,powered=true": {
      "model": "minecraft:block/warped_trapdoor_open_pow",
      "y": 90
    },
    "facing=east,half=top,open=false,powered=true": {
      "model": "minecraft:block/warped_trapdoor_top_pow",
      "y": 90
    },
    "facing=east,half=top,open=true,powered=true": {
      "model": "minecraft:block/warped_trapdoor_open_pow",
      "x": 180,
      "y": 270
    },
    "facing=north,half=bottom,open=false,powered=true": {
      "model": "minecraft:block/warped_trapdoor_bottom_pow"
    },
    "facing=north,half=bottom,open=true,powered=true": {
      "model": "minecraft:block/warped_trapdoor_open_pow"
    },
    "facing=north,half=top,open=false,powered=true": {
      "model": "minecraft:block/warped_trapdoor_top_pow"
    },
    "facing=north,half=top,open=true,powered=true": {
      "model": "minecraft:block/warped_trapdoor_open_pow",
      "x": 180,
      "y": 180
    },
    "facing=south,half=bottom,open=false,powered=true": {
      "model": "minecraft:block/warped_trapdoor_bottom_pow",
      "y": 180
    },
    "facing=south,half=bottom,open=true,powered=true": {
      "model": "minecraft:block/warped_trapdoor_open_pow",
      "y": 180
    },
    "facing=south,half=top,open=false,powered=true": {
      "model": "minecraft:block/warped_trapdoor_top_pow",
      "y": 180
    },
    "facing=south,half=top,open=true,powered=true": {
      "model": "minecraft:block/warped_trapdoor_open_pow",
      "x": 180,
      "y": 0
    },
    "facing=west,half=bottom,open=false,powered=true": {
      "model": "minecraft:block/warped_trapdoor_bottom_pow",
      "y": 270
    },
    "facing=west,half=bottom,open=true,powered=true": {
      "model": "minecraft:block/warped_trapdoor_open_pow",
      "y": 270
    },
    "facing=west,half=top,open=false,powered=true": {
      "model": "minecraft:block/warped_trapdoor_top_pow",
      "y": 270
    },
    "facing=west,half=top,open=true,powered=true": {
      "model": "minecraft:block/warped_trapdoor_open_pow",
      "x": 180,
      "y": 90
    }
  }
}