{
	"parent": "minecraft:block/door_top_rh",
	"textures": {
		"3": "block/birch_door_top_pow_hinge",
		"bottom": "block/birch_door_bottom",
		"particle": "block/birch_door_top_pow"
	},
	"elements": [
		{
			"from": [0, 0, 0],
			"to": [3, 16, 16],
			"faces": {
				"north": {"uv": [0, 0, 3, 16], "texture": "#bottom", "cullface": "north"},
				"east": {"uv": [0, 0, 16, 16], "texture": "#particle"},
				"south": {"uv": [0, 0, 3, 16], "texture": "#bottom", "cullface": "south"},
				"west": {"uv": [16, 0, 0, 16], "texture": "#3", "cullface": "west"},
				"up": {"uv": [0, 0, 16, 3], "rotation": 270, "texture": "#bottom", "cullface": "up"},
				"down": {"uv": [0, 0, 16, 3], "rotation": 90, "texture": "#bottom", "cullface": "down"}
			}
		}
	]
}