{
	"parent": "minecraft:block/template_orientable_trapdoor_open",
	"textures": {
		"texture": "block/birch_trapdoor_pow"
	},
	"elements": [
		{
			"from": [0, 0, 13],
			"to": [16, 16, 16],
			"faces": {
				"north": {"uv": [16, 16, 0, 0], "rotation": 180, "texture": "#texture"},
				"east": {"uv": [0, 13, 16, 16], "rotation": 270, "texture": "#texture"},
				"south": {"uv": [0, 0, 16, 16], "texture": "#texture"},
				"west": {"uv": [0, 13, 16, 16], "rotation": 90, "texture": "#texture"},
				"up": {"uv": [0, 13, 16, 16], "rotation": 180, "texture": "#texture"},
				"down": {"uv": [0, 13, 16, 16], "texture": "#texture"}
			}
		}
	]
}